../index.html,< Main Menu
https://www.americanthinker.com/,American Thinker
https://www.counterpunch.org/,CounterPunch
https://www.theglobeandmail.com/,Globe and Mail
http://www.lfpress.com/,London Free Press
http://news.nationalpost.com/category/news/world,National Post
http://www.stthomastimesjournal.com/,St. Thomas Times-Journal
http://eedition.stthomastimesjournal.com/epaper/viewer.aspx,St. Thomas Times-Journal e-edition
https://www.thestar.com/,Toronto Star
http://torontosun.com/,Toronto Sun
